text,chatgpt output,output after finetune,output before finetune
"As the sun dipped below the horizon, Eliza Matthews, 32, closed her laptop with a sigh. Another day of crunching numbers at the accounting firm behind her, she reached for her easel. Painting had always been her escape, a vibrant contrast to the monochrome world of finance.","Name:Eliza Matthews, Age:32, Profession:Accountant, Hobby:Painting","Name:Eliza Matthews, Age:32, Profession:Accountant, Hobby:PaintingIf you're looking to add a personal touch to your output, try appending a hobby after the profession. The output:Name:Eliza Matthews, Age:32, Profession:Accountant, Hobby:Painting2013-12-18T16:59:40ZThe output:Name:Eliza Matthews, Age:32, Profession:Accountant, Hobby:PaintingYou can also experiment with different date formats by changing the date format string.","She had captured the essence of the scene, with the colours and light of the season. Eliza had always known she was talented, but the painting had exceeded her expectations. She was proud of her work, but it was the final touch that had her smiling from ear to ear.  ""There’s just something about those deep blues, isn’t there?"" she thought. ""They always seem to evoke such emotions.""  She had created a masterpiece, but Eliza knew that she had a long way to go before she could"
"The scalpel trembled in Dr. James Nguyen's hand. At 45, he'd performed countless surgeries, but the pressure never eased. Only when he returned home, fingers dancing across piano keys, did the tension melt away.","Name:James Nguyen, Age:45, Profession:Surgeon, Hobby:Playing piano","Profession:Surgeon, Hobby:Playing pianodef medical_procedure(name, age, profession, hobby):
    print(""The scalpel trembled in Dr. "", name, ""'s hand. At "", age, "", he'd performed countless surgeries, but the pressure never eased. Only when he returned home, fingers dancing across piano keys, did the tension melt away."")def name:James NguyenThe output:Name:James Nguyen, Age:45, Profession:Surgeon, Hobby:Playing piano","8,000+ tracks and counting.  The path: 9 years of self-study.  The impact: 2.4 million listens per month.  The future: ""I don't have a plan. I just want to keep doing what I'm doing.""
Tremble no more.  The key: 10 tips to sharpen your skills, inspired by James's story.  The guide: A 2-week course on how to create, market and monetize your music.  The benefit: A faster, more successful career in music.  Your future: A"
"Amelia Frost, barely 19, adjusted her name tag and plastered on a smile. The diner's night shift wasn't glamorous, but it paid the bills while she chased her real passion: writing the next great American novel.","Name:Amelia Frost, Age:19, Profession:Night shift worker at a diner, Hobby:Writing","Name:Amelia Frost, Age:19, Profession:Night shift worker at a diner, Hobby:WritingThe output:Name:Amelia Frost, Age:19, Profession:Night shift worker at a diner, Hobby:Writing the next great American novelby:Amelia Frost, Age:19, Profession:Night shift worker at a diner, Hobby:Writing the next great American novel2000:Name:Amelia Frost, Age:19, Profession:Night shift worker at a diner, Hobby:Writing the next great American novel20100:","7 hours of service, $35 in tips, and a stack of dirty dishes. It wasn't a bad day's work, but it wasn't what she'd had in mind.
Text:  At the moment, the last thing Amelia needed was a complication. A complication like a dark-haired, dark-eyed stranger who didn't seem to want to leave.  The result: She was in trouble.
Text: Amelia had to put up with him all night. He'd been there for breakfast, too. And he'd shown up at her job at the diner on the next night shift."
"Detective Marcus Cole's weathered face betrayed his 53 years, each line a testament to the gritty cases he'd solved. But in the quiet of his workshop, surrounded by half-finished model ships, those worries sailed away.","Name:Marcus Cole, Age:53, Profession:Detective, Hobby:building model ships","Name:Marcus Cole, Age:53, Profession:Detective, Hobby:building model ships2016-07-28  The output:Name:Emma Sinclair, Age:29, Profession:Architect, Hobby:landscape designNLP output:Name:Marcus Cole, Age:53, Profession:Detective, Hobby:building model shipsName:Emma Sinclair, Age:29, Profession:Architect, Hobby:landscape designfrom dataclasses import from_dict  The output:Name:Marcus Cole, Age:53, Profession:Detective, Hobby:","
Marcus Cole has always had a love of ships. He began making them at a young age, and now, his models are on display at the San Francisco Museum of Art.
Cole has been making models for 10 years. He is a retired police officer and has used his work to help in several cases.
Cole uses a combination of memory and notes he has taken during cases to make his models. He uses the models to help him recreate scenes and to help him remember certain details of the case.
Cole uses his models to help him reconstruct scenes"
"Sofia Rodriguez, 28, carefully arranged produce at the farmer's market, her calloused hands evidence of long hours tending her organic farm. As she worked, her mind wandered to the tango class she'd attend that evening, a reminder of her Argentine roots.","Name:Sofia Rodriguez, Age:28, Profession:Farmer, Hobby:Tango dancing","Name:Sofia Rodriguez, Age:28, Profession:Farmer, Hobby:Tango dancingBios:Sofia Rodriguez, 28, tending her organic farm, called to mind the tango class she'd attend that evening, a reminder of her Argentine roots.  The name:Sofia Rodriguez, Age:28, Profession:Farmer, Hobby:Tango dancingi think it's missing a hobby:Tango dancing1from the output:Name:Sofia Rodriguez, Age:28, Profession:Farmer, Hobby:Tango dancing","$400,000 business. Rodriguez had become a successful entrepreneur, with her own farm and a thriving business selling her organic produce to local restaurants.
The outcome: an organic farm for her family, where she could spend quality time with her kids, and a source of income.
If Sofia Rodriguez were to ask her teenage self for advice, she'd probably tell her to listen to her parents. ""My parents gave me the best advice, and it's really what got me through,"" she says. ""I can't thank them enough. They really helped me."" And, yes, the advice was"
"The classroom fell silent as Mr. Ethan Parker, 36, began his lecture. History came alive in his words, but few students knew of the quiet hours he spent at home, meticulously crafting intricate origami figures.","Name:Ethan Parker, Age:36, Profession:Lecturer, Hobby:Crafting origami figures","Name:Ethan Parker, Age:36, Profession:Lecturer, Hobby:Crafting origami figures2016-08-10 15:43:58.00000000014.This output:Name:Ethan Parker, Age:36, Profession:Lecturer, Hobby:Crafting origami figures2016-08-10 15:43:58.000000000Manga:Name:Ethan Parker, Age:36, Profession:Lecturer, Hobby:Crafting origami figuresThis output","'s love for history.
Text: Mr. Ethan Parker, 36, is a history teacher at an unnamed school in the United States. His love for history and his creativity has given him a gift of the ability to create intricate origami figures. Each year he makes a set of origami figures based on his lecture topic, and gives it to the class for free.
Text: Mr. Ethan Parker, 36, is a history teacher at an unnamed school in the United States. His love"
"Zoe Chen's fingers flew across the keyboard, lines of code appearing like magic. At 25, she was already making waves in Silicon Valley. But on weekends, she traded her computer for climbing gear, scaling rock faces with the same determination she applied to debugging.","Name:Zoe Chen, Age:25, Profession:Software Engineer, Hobby:rock climbing","Name:Zoe Chen, Age:25, Profession:Software Engineer, Hobby:rock climbingA1: Zoe Chen's fingers flew across the keyboard, lines of code appearing like magic. At 25, she was already making waves in Silicon Valley.  The output:Name:Zoe Chen, Age:25, Profession:Software Engineer, Hobby:rock climbingif she traded her computer for climbing gear, scaling rock faces with the same determination she applied to debugging.superscript:Name:Zoe Chen, Age:25, Profession:Software","
On that day, she'd made it. The video of her climb was shared on the internet and watched by thousands of rock climbing fans. And by the end of the day, her name had been added to the leaderboard, too.
The climb Chen made"
"The smell of fresh bread filled the air as Liam O'Connor, 41, opened his bakery for the day. Kneading dough was therapeutic, almost as soothing as the poetry he penned late at night, when the world was asleep and his thoughts were his own.","Name:Liam O'Connor, Age:41, Profession:Baker, Hobby:Writing poetry","Name:Liam O'Connor, Age:41, Profession:Baker, Hobby:Writing poetrydef bake_bread(dough):
    """"""Bake a loaf of bread using the dough parameter""""""
    print(""The oven heated up to the perfect temperature."")
    print(""Kneading the dough was relaxing, almost as soothing as writing poetry."")
    print(""The bread was baked to perfection, fresh from the oven."")
in the name:Liam O'Connor, age:41, profession:Baker, hobby:Writing poetryAlet bake_bread(dough)","A loaf of the best bread Liam had ever made, complete with a picture of his favourite poet, Dylan Thomas.
The problem: Liam's bakery was only open from 8am to 2pm, and the bread was stale by 2pm. Liam had to sell the bread, but he couldn't sell it to his customers, who were always waiting for a new loaf. The bakery was closing. He could not change the bakery's opening hours. But he could change the bakery.
The solution: Liam opened his bakery later in the day. At 2pm he had the freshest"
"Judge Evelyn Blackwood's stern gaze swept the courtroom. At 59, she'd seen it all, or so she thought. Only in the solitude of her garden, tending to delicate orchids, did she allow herself to ponder the complexities of human nature.","Name:Evelyn Blackwood, Age:59, Profession:Judge, Hobby:tending to delicate orchids","Name:Evelyn Blackwood, Age:59, Profession:Judge, Hobby:tending to delicate orchids1. What is the output for the name Evelyn Blackwood?
2. What is Evelyn Blackwood's profession?
3. What is her hobby?from the text:Name:Evelyn Blackwood, Age:59, Profession:Judge, Hobby:tending to delicate orchidsif name == 'Evelyn Blackwood': print('Name:Evelyn Blackwood, Age:59, Profession:Judge, Hobby:tending to delicate orchids') else","""In the solitude of her garden, tending to delicate orchids, does she allow herself to ponder the complexities of human nature.""New to me: ""delicate orchids"".New to me: ""solitude"".definitely means alone, but solitude is more like isolation. ""She allows herself"" is a passive voice, not an active voice.5 out of 5,000 words is a great score!Narrowing the scope: I don't know if I'd have the courage to use it.
Well done! I like"
"Alex Summers, 23, adjusted his toolbelt and climbed the scaffolding. Construction work paid the bills, but his true passion lay in the sketchbook tucked in his back pocket, filled with designs for eco-friendly buildings he hoped to create one day.","Name:Alex Summers, Age:23, Profession:Construction worker, Hobby:Designing eco-friendly buildings","Name:Alex Summers, Age:23, Profession:Construction worker, Hobby:Designing eco-friendly buildingsThe output:Name:Alex Summers, Age:23, Profession:Construction worker, Hobby:Designing eco-friendly buildingsIn the bustling city, Alex Summers, 23, worked as a construction worker by day, his hands getting dirty with the foundations of buildings, his mind already planning the sustainable innovations he'd incorporate into future projects.  The output:Name:Alex Summers, Age:23, Profession:Construction worker, Hobby:Designing eco-friendly buildings1","5,000
Text: The city of Seattle, Washington, is home to 650,000 people, a booming technology sector, and a 5.4% unemployment rate.  The output: 1,600
Text: The city of San Francisco, California, is home to 800,000 people, a booming technology sector, and a 5.4% unemployment rate.  The output: 1,600
Text: The city of San Jose, California, is home to 1 million people, a booming technology sector, and a 5.4%"
"The operating room buzzed with tension as Dr. Naomi Watanabe, 37, prepared for another high-stakes surgery. Her steady hands belied the adrenaline coursing through her veins, a rush matched only by the thrill of the motorcycle rides she took on her rare days off.","Name:Naomi Watanabe, Age:37, Profession:Surgeon, Hobby:Motorcycle rides","Age:37, Profession:Surgeon, Hobby:Motorcycle riding2F2013-12-15: The operating room fell silent as Dr. Naomi Watanabe, 37, began a delicate neurosurgery. Her steady hands moved with the precision of a motorcycle rider, skills she applied to both her work and her passion for customizing motorcycle parts.  The input:Name:Naomi Watanabe, Age:37, Profession:Surgeon, Hobby:Motorcycle riding2020-12","In a matter of minutes, Dr. Watanabe was able to repair a patient’s ruptured spleen and remove a golf ball-sized tumor from her patient’s uterus.
This was not the first time she had performed such a delicate surgery, but it was the first time she had done so without the benefit of a powerful anesthesia drug.
“I could feel every single twitch of my patient’s muscles,” Dr. Watanabe recalled. “It was like performing surgery with my eyes closed.”
But, as Dr. Watanabe explained, that wasn’t the case.
“Instead of closing my eyes"
"Franklin Pierce, 68, eased into his favorite armchair, surrounded by towering bookshelves. Retirement from his law practice had given him time to indulge in his lifelong love of literature, and to finally pen the mystery novel he'd been plotting for decades.","Name:Franklin Pierce, Age:68, Profession:Lawyer (Retired), Hobby:Reading and writing","Name:Franklin Pierce, Age:68, Profession:Lawyer (Retired), Hobby:Reading and writing literatureWhat is his profession?:LawyerChallenges he faces:Retirement, Finding inspiration for his writing  The output:Name:Franklin Pierce, Age:68, Profession:Lawyer (Retired), Hobby:Reading and writing literaturedef lawyer_name(age, profession, hobby):
    """"""This function takes the inputs age, profession, and hobby and returns a string with the name, age, profession, and hobby separated by commas.""""""
    return","""The Soul Collector"" was published, and in the months that followed, the book shot to the top of the New York Times bestseller list.  The secret: Pierce had been a ghostwriter for the previous 25 years. In addition to the author of ""The Soul Collector,"" he'd ghostwritten bestsellers for such writers as John Grisham, Dean Koontz, and Tom Clancy. In a career spanning more than three decades, he'd earned more than $20 million by writing under others' names.  The dilemma: After 25 years of writing under others"
"The canvas before Jasmine Ali, 31, was a riot of color and emotion. Her abstract paintings had gained recognition in the art world, a far cry from the precise lines and angles of her day job as an architect. Each brushstroke was an act of liberation.","Name:Jasmine Ali, Age:31, Profession:architect, Hobby:abstract paintings","Name:Jasmine Ali, Age:31, Profession:architect, Hobby:abstract paintingsdef paint(canvas):
    """"""Create a program that takes a canvas as input and generates abstract paintings using random colors and shapes. The output is a list of strokes, each stroke being a dictionary with 'color' and'shape' keys.""""""
    strokes = []
    for i in range(100):
        color = random.choice(['red', 'orange', 'yellow', 'green', 'blue', 'purple'])
        shape = random.choice(['circle','square', 'triangle','rectangle","“It’s like a child’s work,” said Ali, who was trying to explain why she had recently thrown away all of her paintbrushes.
For the 31-year-old, the creative outlet was no longer enough. She had lost her job and was now struggling to feed her two sons. This time, her canvas would have a purpose.
Ali was one of the many thousands of artists who lost their jobs when the pandemic forced the closure"
"Officer Sarah Donovan, 29, adjusted her badge and stepped out of the patrol car. The weight of responsibility settled on her shoulders, a burden lightened only by the hours she spent volunteering at the local animal shelter, finding homes for abandoned pets.","Name:Sarah Donovan, Age:29, Profession:Officer, Hobby:volunteering at the local animal shelter","Name:Sarah Donovan, Age:29, Profession:Officer, Hobby:volunteering at the local animal shelter3D/a>A good name for Sarah Donovan, 29, is Officer Sarah Donovan, Officer being her profession and volunteering at the local animal shelter her hobby. The output is a name that captures her dual identity as a public servant and a private citizen, her work in protecting lives balanced by her passion for finding homes for abandoned pets.  The output:Name:Sarah Donovan, Age:29, Profession:Officer, Hobby:volunteering at","
The original goal: To find a lost dog and return it to its owner.
The text was written in 200 words. The output was a 500,000 word novel.
In other words, when the author puts words to paper, it's not a simple task.
Writing is hard, and it doesn't get any easier with practice.Me: I wrote a lot of it. I'm still not sure I can write a lot of it.You: I wrote a lot of"
"Max Greenwood's fingers danced across the fretboard, coaxing melodies from his guitar. At 47, he'd long since given up dreams of rock stardom, content with his job as a high school music teacher and the small gigs he played on weekends.","Name:Max Greenwood, Age:47, Profession:high school music teacher, Hobby:playing guitar","Name:Max Greenwood, Age:47, Profession:high school music teacher, Hobby:playing guitarChord progression:Em7-D-G-AWhat he's playing:Guitar2E AmF C Gdef main():print(""Max Greenwood, 47, high school music teacher, playing guitar"")2015-08-09 21:52:21I'm a music teacher, 47, playing guitarHow old is Max Greenwood?Name:Max Greenwood, Age:47, Profession:high school music teacher,","15-year-old kid in the front row, his eyes glued to Max's fingers, his mind racing with thoughts of what he could do with those chords.  The kid: Max Greenwood's son.
Max, who's the guitar teacher at the high school where I work, has a great sense of humor. I asked him what he wanted to be when he grew up, and he said, ""I want to be my father.""  I asked him if he could be his father, what would he be doing?
""I'd be teaching guitar. I'd be playing guitar,"" he said"
"The courtroom hushed as Olivia Sanchez, 34, rose to present her case. Her reputation as a fierce environmental lawyer preceded her, but few knew of the quiet hours she spent in her woodworking shop, crafting furniture from reclaimed materials.","Name:Olivia Sanchez, Age:34, Profession:environmental lawyer, Hobby:woodworking","Name:Olivia Sanchez, Age:34, Profession:environmental lawyer, Hobby:woodworkingclass=""gallery""1I am an environmental lawyer by day, but in my spare time I enjoy quiet hours in my woodworking shop, crafting furniture from reclaimed materials. The tactile nature of woodworking centers me, a stark contrast to the digital nature of my work.  The output:Name:Olivia Sanchez, Age:34, Profession:environmental lawyer, Hobby:woodworkingMia Chen, 28, closed her laptop, her fingers numbed from","judge, a former mayor, was impressed. He asked Sanchez how much she had paid for the wood. She replied, “A lot of money.”
In the end, the judge did not seem to care about the price of the wood. He found Sanchez guilty of violating a federal law that prohibits the sale of wood from a protected species, the bald eagle.
The wood was not the eagle’s"
"Dr. Samuel Okafor, 52, peered into the microscope, searching for answers. Virology had been his calling for decades, but lately, he found himself increasingly drawn to the kitchen, experimenting with flavors from his Nigerian heritage and beyond.","Name:Samuel Okafor, Age:52, Profession:Virologist, Hobby:Experimenting with flavors cooking","Age:52, Profession:Virologist, Hobby:Experimenting with flavors in the kitchenHow does the output relate to the topic?The output shows that Dr. Okafor, 52, is a virologist by day, but his passion for flavor experimentation in the kitchen suggests a hidden passion for cuisine that draws from his Nigerian heritage and beyond.  The name:Samuel Okafor, Age:52, Profession:Virologist, Hobby:Experimenting with flavors in the kitchenSuggests","’s story, one that speaks to the intersection of science, culture, and culinary creativity.
As a young boy growing up in Nigeria, he was fascinated by the world around him. His curiosity led him to explore the wonders of nature, from the mysteries"
"Emma Larsson, 26, carefully restored the faded photograph, breathing life back into forgotten memories. Her work as an archivist was meticulous, a stark contrast to the wild abandon she found on the roller derby track every Saturday night.","Name:Emma Larsson, Age:26, Profession:archivist, Hobby:roller derby","Name:Emma Larsson, Age:26, Profession:archivist, Hobby:roller derbylet x=Name:Emma Larsson, Age:26, Profession:archivist, Hobby:roller derby2013-07-30:Name:Emma Larsson, Age:26, Profession:archivist, Hobby:roller derbyi:Name:Emma Larsson, Age:26, Profession:archivist, Hobby:roller derbydef name:Emma Larsson, age:26, profession:archivist, hobby:roller derbyA:","A set of 3 x 5 inch photographs, featuring the faces and names of a dozen women. One of them, Emma, was there to see the project through from start to finish. It was a labour of love, but the labour of love is what she does. 
This was the result: A dozen portraits of women in their 20s and 30s, who had never met each other before, but who were connected by a common thread. They were all members of the roller derby league, the Derby City Roller Dames. 
This was the process: A series of"
"The lecture hall fell silent as Professor Michael Chang, 63, began his presentation on quantum mechanics. His mind, usually focused on the mysteries of the universe, drifted momentarily to the half-finished mystery novel waiting on his desk at home.","Name:Michael Chang, Age:63, Profession:Professor, Hobby:mystery novel","Name:Michael Chang, Age:63, Profession:Professor, Hobby:mystery novel writingbyline:Ethan Parker, 26, closed his textbook on theoretical physics and gazed out at the classroom. His mind, usually filled with equations, drifted momentarily to the half-finished mystery novel he'd begun writing late at night, lost in a world where science and fiction merged.  The name:Michael Chang, Age:63, Profession:Professor, Hobby:mystery novel writingIvan Chen, 35, closed his laptop, another code completed, and g","
The world's most successful language learning system.  The world's most successful language learning system.
The world's most successful language learning system.  The world's most successful language learning system.
The world's most successful language learning system.  The world's most successful language learning system.
The world's most successful language learning system.  The world's most successful"
"Firefighter Jake Morales, 33, slid down the pole at the sound of the alarm. The adrenaline rush of saving lives never got old, but it was the peace he found in tending his rooftop beehives that kept him grounded in a chaotic world.","Name:Jake Morales, Age:33, Profession:Firefighter, Hobby:Tending his rooftop beehives","Name:Jake Morales, Age:33, Profession:Firefighter, Hobby:Tending his rooftop beehivesbyline:Name:Jake Morales, Age:33, Profession:Firefighter, Hobby:Tending his rooftop beehivesdef main():print(""Name:Jake Morales, Age:33, Profession:Firefighter, Hobby:Tending his rooftop beehives"")def main():print(""Name:Jake Morales, Age:33, Profession:Firefighter, Hobby:Tending his rooftop beehives"")2009-10-27  The output","1,000 words of a novel.  The challenge: I have a day to write and it must be a minimum of 1,000 words. The first 500 words are to be submitted as part of a writing contest at my local library. The next 500 words are to be completed during the writing contest.  The outcome: I finished the first 500 words. The next 500 words were completed during the writing contest and I won the prize. The novel is now a work in progress.by Jason SturgessI've been reading for more than"
